{"cameraMode":{"drawMode":0,"name":"Shaded","section":"Shading Mode"},"sceneLighting":true,"audioPlay":false,"sceneViewState":{"m_AlwaysRefresh":false,"showFog":true,"showSkybox":true,"showFlares":true,"showImageEffects":true,"showParticleSystems":true,"showVisualEffectGraphs":true,"m_FxEnabled":true},"in2DMode":false,"pivot":{"x":-6.164875030517578,"y":25.00221061706543,"z":-33.574527740478519},"rotation":{"x":0.26202917098999026,"y":0.043171245604753497,"z":-0.012560131028294564,"w":0.9637485146522522},"size":11.506365776062012,"orthographic":false}